sample_name	major_genotype
BUS-013	WT
BUS-023-P2-F2	WT
BUS-024-P2-A6	WT
BUS-008	WT
BUS-032	C469Y
BUS-041	WT
BUS-101	C469Y
MAS-258	WT
MAS-368	WT
MAS-161	WT
MAS-173	WT
BUS-025	C469Y
MAS-190	WT
HO-05-05	A675V
HO-05-38	WT
HO-05-06	WT
HO-05-08	WT
HO-05-49	C469Y
HO-05-45	WT
HO-05-46	WT
HO-05-10	A675V
HO-05-02	A675V
HO-05-03	WT
HO-05-50	C469Y
HO-05-47	WT
KB-05-16	WT
KB-05-21	C469F
KB-05-13	A675V
KB-05-38	WT
KB-05-41	C469F
KB-05-33	WT
KB-05-35	A675V
KB-05-02	C469F
KB-05-04	A675V
KB-05-05	WT
KB-05-09	A675V
KB-06-48	WT
KB-06-67	R561H
KB-06-78	R561H
KB-06-85	WT
KB-07-005	R561H
KB-07-008	WT
KB-07-013	R561H
KB-05-42	C469F
KB-05-44	C469F
KB-06-03	R561H
KB-06-04	R561H
KB-06-09	R561H
KB-06-40	R561H
KB-07-046	R561H
KB-07-094	R561H
KB-07-029	R561H
KBG-04-26	C469F
KBG-05-30	A675V
KBG-04-35	A675V
KBG-04-46	A675V
KBG-05-13	WT
KBG-05-73	WT
KBG-05-56	WT
KBG-05-57	WT
KBG-04-03	WT
KBG-04-05	A675V
KBG-04-24	A675V
KBG-05-80	A675V
KBG-05-84	WT
KBG-05-65	WT
KN-05-08	WT
KN-05-83	C469F
KN-05-55	WT
KN-05-77	WT
KO-05-14	WT
KO-05-24	C469Y
KO-05-46	WT
KO-05-53	WT
KO-05-29	R561H
KO-05-31	A675V
KO-05-75	WT
KO-05-70	WT
KTK-04-45	WT
KTK-05-05	C469Y
KTK-04-34	A675V
KTK-05-22	WT
KTK-05-28	WT
KTK-05-20	WT
KTK-05-21	WT
KTK-04-09	WT
KTK-04-17	WT
KTK-04-18	A675V
KTK-04-27	WT
KTK-05-79	C469Y
KTK-05-97	C469Y
KTK-05-55	WT
KTK-05-45	WT
KTK-05-66	A675V
KTK-05-46	A675V
KTK-05-56	WT
KTK-05-77	A675V
LA-02-02	WT
LA-02-24	A675V
LA-02-41	A675V
LA-02-04	C469Y
LA-02-47	WT
LA-02-32	C469Y
LA-05-17	WT
LA-05-23	WT
LA-05-25	A675V
LA-05-30	A675V
LA-05-36	WT
LA-05-39	WT
LA-05-40	C469Y
LA-05-52	WT
LA-04-32	C469Y
LA-04-43	A675V
LA-05-01	A675V
LA-05-07	C469Y
LA-05-10	WT
LA-05-70	A675V
LA-05-74	C469Y
LA-05-75	C469Y
LA-05-79	A675V
LA-05-86	WT
LA-05-89	WT
LA-05-94	C469Y
LA-05-99	A675V
LA-05-54	C469Y
LA-05-55	C469Y
LA-05-57	WT
LA-05-59	WT
LA-05-66	WT
LA-02-43	A675V
MU-05-05	WT
MU-05-09	WT
MU-05-10	WT
MU-05-56	WT
MU-05-77	A675V
MU-05-83	A675V
MU-05-14	WT
AG-02-47	WT
AG-04-11	WT
AG-04-12	WT
AG-04-13	A675V
AG-04-40	WT
AG-05-01	WT
AG-05-02	WT
AG-05-13	C469Y
AG-05-15	WT
AG-05-22	WT
AG-05-23	C469F
AG-05-24	WT
AG-05-27	WT
AG-05-41	WT
AG-05-47	A675V
AG-05-48	A675V
AG-05-49	WT
AG-05-56	WT
AG-05-59	C469Y
AG-05-63	WT
AG-05-77	WT
AG-05-81	C469Y
AG-05-89	WT
PAT-040	C469Y
PAT-043	C469Y
PAT-045	WT
PAT-046	C469Y
PAT-047	WT
PAT-048	A675V
PAT-052	WT
PAT-056	A675V
PAT-061	C469Y
PAT-063	WT
PAT-064	A675V
PAT-068	C469Y
PAT-071	C469Y
PAT-077	C469Y
PAT-097	A675V
PAT-118	C469Y
PAT-133	WT
PAT-005-P2-D7	WT
PAT-006-P2-E7	WT
PAT-007-P2-B8	WT
PAT-009-P2-E2	WT
PAT-010-P2-A11	WT
PAT-011-P2-A3	C469Y
PAT-013-P2-H8	WT
PAT-014-P2-H7	WT
PAT-015-P2-H4	WT
PAT-016-P2-C2	WT
PAT-017-P2-D2	WT
PAT-018	WT
PAT-019-P2-F6	WT
PAT-020-P2-H6	WT
PAT-022-P2-G7	C469Y
PAT-024-P2-B10	WT
PAT-025	C469Y
PAT-027-P2-H3	C469Y
PAT-028	WT
PAT-029-P2-E8	WT
PAT-030	WT
PAT-037-P2-A4	C469Y
PAT-039	C469Y
PAT-137	C469Y
PBC-261-12Feb21	WT
PBC-403-13Ju21	WT
TDH-103	WT
TDH-107	WT
TDH-108	WT
TDH-173-P2-B11	WT
TDH-174	A675V
TDH-190-P2-H2	WT
TDH-191-P2-G8	A675V
TDH-205	WT
